Naturally Delicious,487 Court St,Brooklyn,NY,7182373727
Appetizzio's Italian Specialties & World Market,5 Ridge Rd,Lyndhurst,NJ,2019391566
Betty Brooklyn,455 Utica Ave,Brooklyn,NY,7188323889
La Bella Salumeria Delicatessen,2308 Bergenline Ave,Union City,NJ,2018673065
Molly's Milk Truck,"Hoboken, NJ 07030",Hoboken,NJ,2015036639
Buon Appetit,36-12 Ditmars Blvd,Astoria,NY,7187266669
Creative Foods Catering,17 Amawalk Rd,Carmel,NY,9148823986
Sips & Bites,178 N 10th St,Brooklyn,NY,3478895333
Tchoup Shop,50 Wyckoff Ave,Brooklyn,NY,3472232710
Five Spice Catering,385 Grand St,New York,NY,6463692620
Bayard's Events and Catering,1 Hanover Sq,New York,NY,2125149454
Saucy By Nature,884 Fulton Street,Brooklyn,NY,7187890177
Remarkable Cuisine,"Jersey City, NJ 07305",Jersey City,NJ,2018556848
The Halcyon Gourmet,202 Banker St,Brooklyn,NY,7183492882
The International Culinary Center,462 Broadway,New York,NY,8883242433
Kitchen Provance,55 W 38th St,New York,NY,2128692561
Sweet Basil Catering,233 West 77th Street,New York,NY,6463681699
Between the Bread,145 W 55th St,New York,NY,2127651840
Bite Size Kitchen,90 Kent Ave,Brooklyn,NY,9176701960
Matera's On Park,72 Park Ave,Rutherford,NJ,2014388083
